[
  {
    "name": "BCAAaaaa (10:1:1) (200G) (EM PÓ) - GROWTH SUPPLEMENTS",
    "img": "img/cart/bcaa-10-1-1-growth-supplements.png",
    "type": ["Sabor", "Limão"],
    "value": 56.00
  },
  {
    "name": "BCAA (10:1:1) (200G) (EM PÓ) - GROWTH SUPPLEMENTS",
    "img": "img/cart/bcaa-10-1-1-growth-supplements.png",
    "type": ["Sabor", "Natural"],
    "value": 56.00
  },
  {
    "name": "BCAA (200G) (EM PÓ) - GROWTH SUPPLEMENTS",
    "img": "img/cart/bcaa-10-1-1-growth-supplements.png",
    "type": ["Sabor", "Natural"],
    "value": 52.12
  }
]
